Pais,Ano,Valor,Var_EU
Albânia,1997,169.28,76
Austria,1997,171.07,76
Austria,1995,173.74,74
Albânia,1998,169.93,79
Austria,1998,166.72,77
Austria,1996,176.42,76
Albânia,1999,204.42,100
Albânia,2000,186.47,96
Albânia,2001,173.14,91
Albânia,2002,178.7,97
Albânia,2003,163.49,89
Albânia,2004,166.77,93
Albânia,2005,155.61,90
Albânia,2006,139.73,85
Albânia,2007,120.42,79
Albânia,2008,113.73,77
Albânia,2009,111.46,77
Albânia,2010,101.4,70
Albânia,2011,101.62,74
Albânia,2012,89.75,67
Albânia,2013,108.03,82
Albânia,2014,101.92,82
Albânia,2015,91.89,76
Albânia,2016,95.55,80
Albânia,2017,95.71,82
Albânia,2018,91.41,82
Albânia,2019,87.96,83
Albânia,2020,84.63,83
Albânia,2021,80.71,82
Albânia,2022,66.62,77
Austria,1999,159.59,78
Austria,2000,150.44,77
Austria,2001,156.82,82
Austria,2002,151.34,82
Austria,2003,153.27,83
Austria,2004,147.9,83
Austria,2005,146.83,85
Austria,2006,141.24,86
Austria,2007,132.95,87
Austria,2008,129.77,88
Austria,2009,127.46,88
Austria,2010,131.92,91
Austria,2011,122.54,90
Austria,2012,117.45,88
Austria,2013,117.4,90
Austria,2014,111.23,90
Austria,2015,109.61,91
Austria,2016,107.59,91
Austria,2017,107,92
Austria,2018,100.23,90
Austria,2019,99.81,94
Austria,2020,97.06,96
Austria,2021,95.35,96
Austria,2022,81.74,94
Austria,2023,75.68,97
Bósnia-Hezergovina,2014,210.4,170
Bósnia-Hezergovina,2015,206.37,171
Bósnia-Hezergovina,2016,217.48,183
Bósnia-Hezergovina,2017,210.48,181
Bósnia-Hezergovina,2018,219.15,196
Bósnia-Hezergovina,2019,202.3,190
Bósnia-Hezergovina,2020,206.03,203
Bósnia-Hezergovina,2021,194.32,197
Bósnia-Hezergovina,2022,173.43,200
Bélgica,1995,304.56,130
Bélgica,1996,314.51,136
Bélgica,1997,308.79,138
Bélgica,1998,309.17,143
Bélgica,1999,291.5,142
Bélgica,2000,273.8,140
Bélgica,2001,261.68,137
Bélgica,2002,248.02,134
Bélgica,2003,253.42,138
Bélgica,2004,246.83,138
Bélgica,2005,235.07,137
Bélgica,2006,226.26,138
Bélgica,2007,216.6,142
Bélgica,2008,219.25,148
Bélgica,2009,206.04,142
Bélgica,2010,207.78,143
Bélgica,2011,186.88,137
Bélgica,2012,173.32,129
Bélgica,2013,177.35,135
Bélgica,2014,162.71,131
Bélgica,2015,159.37,132
Bélgica,2016,165.73,139
Bélgica,2017,162.82,140
Bélgica,2018,157.42,141
Bélgica,2019,151.78,143
Bélgica,2020,139.78,138
Bélgica,2021,142.46,144
Bélgica,2022,119.07,138
Bélgica,2023,105.51,135
Bulgária,1995,433.72,185
Bulgária,1996,481.35,208
Bulgária,1997,525.16,234
Bulgária,1998,475.89,220
Bulgária,1999,459.97,225
Bulgária,2000,429.07,220
Bulgária,2001,423.65,222
Bulgária,2002,381.72,207
Bulgária,2003,364.98,198
Bulgária,2004,328.96,184
Bulgária,2005,312.87,182
Bulgária,2006,301.75,184
Bulgária,2007,267.18,175
Bulgária,2008,241.7,164
Bulgária,2009,223.03,154
Bulgária,2010,215.17,148
Bulgária,2011,223.58,163
Bulgária,2012,209.59,156
Bulgária,2013,196.78,150
Bulgária,2014,196.91,159
Bulgária,2015,197.83,164
Bulgária,2016,184.94,156
Bulgária,2017,182.37,157
Bulgária,2018,173.09,155
Bulgária,2019,162.51,153
Bulgária,2020,155.37,153
Bulgária,2021,151.21,153
Bulgária,2022,137.52,159
Bulgária,2023,110.27,141
Chipre,1995,219.04,94
Chipre,1996,231.26,100
Chipre,1997,220.99,99
Chipre,1998,221.79,103
Chipre,1999,214.56,105
Chipre,2000,213.03,109
Chipre,2001,198.76,104
Chipre,2002,190.01,103
Chipre,2003,195.85,106
Chipre,2004,166.4,93
Chipre,2005,168.87,98
Chipre,2006,164.15,100
Chipre,2007,152.57,100
Chipre,2008,149.28,101
Chipre,2009,148.2,102
Chipre,2010,140.02,96
Chipre,2011,137.42,100
Chipre,2012,134.35,100
Chipre,2013,128.85,98
Chipre,2014,134.4,109
Chipre,2015,130.68,108
Chipre,2016,129.61,109
Chipre,2017,124.66,107
Chipre,2018,120.22,107
Chipre,2019,112.22,106
Chipre,2020,103.58,102
Chipre,2021,93.9,95
Chipre,2022,88.63,102
Chipre,2023,81.55,105
Chequia,1995,346.89,148
Chequia,1996,333.19,144
Chequia,1997,337.72,151
Chequia,1998,325.87,151
Chequia,1999,294.84,144
Chequia,2000,296.88,152
Chequia,2001,282.9,148
Chequia,2002,280.07,152
Chequia,2003,273.3,148
Chequia,2004,262.98,147
Chequia,2005,246.25,143
Chequia,2006,239.22,146
Chequia,2007,217.6,142
Chequia,2008,202.63,137
Chequia,2009,196.15,135
Chequia,2010,203.68,140
Chequia,2011,190.77,139
Chequia,2012,189.11,141
Chequia,2013,184.64,141
Chequia,2014,170.12,137
Chequia,2015,162.71,135
Chequia,2016,155.76,131
Chequia,2017,151.82,130
Chequia,2018,145.41,130
Chequia,2019,135.64,128
Chequia,2020,131.59,130
Chequia,2021,129.01,130
Chequia,2022,117.65,136
Chequia,2023,101.21,130
Alemanha,1995,212.36,91
Alemanha,1996,211.4,91
Alemanha,1997,208.09,93
Alemanha,1998,201.44,93
Alemanha,1999,188.29,92
Alemanha,2000,183.75,94
Alemanha,2001,181.4,95
Alemanha,2002,173.83,94
Alemanha,2003,169.44,92
Alemanha,2004,163.71,92
Alemanha,2005,159.92,93
Alemanha,2006,158.07,96
Alemanha,2007,142.89,93
Alemanha,2008,141.57,96
Alemanha,2009,139.62,96
Alemanha,2010,138.68,95
Alemanha,2011,124.63,91
Alemanha,2012,124.18,93
Alemanha,2013,124.72,95
Alemanha,2014,114.62,93
Alemanha,2015,112.44,93
Alemanha,2016,109.46,92
Alemanha,2017,105.58,91
Alemanha,2018,100.07,89
Alemanha,2019,96.65,91
Alemanha,2020,91.81,90
Alemanha,2021,90.16,91
Alemanha,2022,80.32,93
Alemanha,2023,69.58,89
Dinamarca,1995,218.12,93
Dinamarca,1996,228.55,99
Dinamarca,1997,204.21,91
Dinamarca,1998,195.11,90
Dinamarca,1999,180.06,88
Dinamarca,2000,163.69,84
Dinamarca,2001,162,85
Dinamarca,2002,152.97,83
Dinamarca,2003,159.79,87
Dinamarca,2004,144.71,81
Dinamarca,2005,135.53,79
Dinamarca,2006,137.64,84
Dinamarca,2007,129.54,85
Dinamarca,2008,119.61,81
Dinamarca,2009,118.11,81
Dinamarca,2010,116.31,80
Dinamarca,2011,106.49,78
Dinamarca,2012,101.1,75
Dinamarca,2013,99.52,76
Dinamarca,2014,93.36,75
Dinamarca,2015,90.26,75
Dinamarca,2016,89.32,75
Dinamarca,2017,84.09,72
Dinamarca,2018,82.24,73
Dinamarca,2019,79.02,74
Dinamarca,2020,71.03,70
Dinamarca,2021,67.06,68
Dinamarca,2022,58.95,68
Dinamarca,2023,57.79,74
Estónia,1995,733.34,313
Estónia,1996,721.39,312
Estónia,1997,618.22,276
Estónia,1998,547.65,253
Estónia,1999,517.93,253
Estónia,2000,440.22,226
Estónia,2001,428.25,224
Estónia,2002,360.17,195
Estónia,2003,344.53,187
Estónia,2004,342.51,192
Estónia,2005,304.15,177
Estónia,2006,273.17,166
Estónia,2007,281.66,184
Estónia,2008,246.94,167
Estónia,2009,225.58,156
Estónia,2010,281.86,194
Estónia,2011,244.16,179
Estónia,2012,221.61,165
Estónia,2013,237.81,181
Estónia,2014,213.03,172
Estónia,2015,182.8,151
Estónia,2016,215.53,181
Estónia,2017,199.7,171
Estónia,2018,181.05,162
Estónia,2019,145.65,137
Estónia,2020,138.68,137
Estónia,2021,129.81,131
Estónia,2022,127.14,147
Estónia,2023,105.81,136
Grécia,1995,201.09,86
Grécia,1996,192.56,83
Grécia,1997,190.46,85
Grécia,1998,192.51,89
Grécia,1999,186.48,91
Grécia,2000,186.54,96
Grécia,2001,176.79,93
Grécia,2002,164.83,89
Grécia,2003,159.36,86
Grécia,2004,152.1,85
Grécia,2005,150.82,88
Grécia,2006,139.39,85
Grécia,2007,136.44,89
Grécia,2008,131.9,89
Grécia,2009,131.15,90
Grécia,2010,132.52,91
Grécia,2011,142.49,104
Grécia,2012,147.21,110
Grécia,2013,128.64,98
Grécia,2014,125.26,101
Grécia,2015,125.01,103
Grécia,2016,123.26,104
Grécia,2017,125.23,107
Grécia,2018,120.03,107
Grécia,2019,117.13,110
Grécia,2020,109.38,108
Grécia,2021,104.21,105
Grécia,2022,93.88,108
Grécia,2023,84.13,108
Espanha,1995,195.51,84
Espanha,1996,184.78,80
Espanha,1997,189.28,84
Espanha,1998,186.74,86
Espanha,1999,185.16,90
Espanha,2000,178.86,92
Espanha,2001,172.69,90
Espanha,2002,166.42,90
Espanha,2003,164.14,89
Espanha,2004,162.21,91
Espanha,2005,154.29,90
Espanha,2006,140.9,86
Espanha,2007,133.74,87
Espanha,2008,126.53,86
Espanha,2009,123.29,85
Espanha,2010,123.55,85
Espanha,2011,123.87,91
Espanha,2012,124.91,93
Espanha,2013,116.68,89
Espanha,2014,112.17,91
Espanha,2015,110.93,92
Espanha,2016,108.3,91
Espanha,2017,107.67,92
Espanha,2018,105.51,94
Espanha,2019,99.32,93
Espanha,2020,99.32,98
Espanha,2021,95.09,96
Espanha,2022,87.07,101
Espanha,2023,76.19,98
EU27,1995,234.08,100
EU27,1996,231.14,100
EU27,1997,224,100
EU27,1998,216.28,100
EU27,1999,204.82,100
EU27,2000,195.12,100
EU27,2001,191,100
EU27,2002,184.7,100
EU27,2003,184.24,100
EU27,2004,178.69,100
EU27,2005,171.98,100
EU27,2006,164.16,100
EU27,2007,152.87,100
EU27,2008,147.67,100
EU27,2009,145.06,100
EU27,2010,145.39,100
EU27,2011,136.78,100
EU27,2012,134.13,100
EU27,2013,131.16,100
EU27,2014,123.74,100
EU27,2015,120.95,100
EU27,2016,118.88,100
EU27,2017,116.52,100
EU27,2018,111.96,100
EU27,2019,106.34,100
EU27,2020,101.55,100
EU27,2021,98.86,100
EU27,2022,86.53,100
EU27,2023,78,100
Finlândia,1995,352.91,151
Finlândia,1996,364.86,158
Finlândia,1997,352.62,157
Finlândia,1998,330.98,153
Finlândia,1999,312.82,153
Finlândia,2000,290.5,149
Finlândia,2001,286.45,150
Finlândia,2002,295.51,160
Finlândia,2003,305.17,166
Finlândia,2004,287.07,161
Finlândia,2005,256.8,149
Finlândia,2006,267.07,163
Finlândia,2007,239.76,157
Finlândia,2008,220.14,149
Finlândia,2009,221.26,153
Finlândia,2010,234.04,161
Finlândia,2011,217.32,159
Finlândia,2012,210.6,157
Finlândia,2013,208.1,159
Finlândia,2014,211.84,171
Finlândia,2015,198.02,164
Finlândia,2016,200.78,169
Finlândia,2017,193.7,166
Finlândia,2018,191.32,171
Finlândia,2019,184.06,173
Finlândia,2020,172.29,170
Finlândia,2021,169.62,172
Finlândia,2022,153,177
Finlândia,2023,150.12,192
França,1995,234.48,100
França,1996,237.53,103
França,1997,223.12,100
França,1998,219.73,102
França,1999,209.28,102
França,2000,196.67,101
França,2001,192.1,101
França,2002,186.17,101
França,2003,191.27,104
França,2004,188.04,105
França,2005,177.67,103
França,2006,168.18,102
França,2007,158.81,104
França,2008,156.83,106
França,2009,155.83,107
França,2010,153.9,106
França,2011,146.35,107
França,2012,146.38,109
França,2013,142.41,109
França,2014,134.97,109
França,2015,133.96,111
França,2016,129.6,109
França,2017,126.09,108
França,2018,121.55,109
França,2019,113.19,106
França,2020,105.13,104
França,2021,105.4,107
França,2022,90.57,105
França,2023,85.75,110
Croácia,1995,246.11,105
Croácia,1996,244.43,106
Croácia,1997,234.49,105
Croácia,1998,231.08,107
Croácia,1999,235.48,115
Croácia,2000,214.33,110
Croácia,2001,213.01,112
Croácia,2002,200.67,109
Croácia,2003,199.98,109
Croácia,2004,187.43,105
Croácia,2005,180.65,105
Croácia,2006,162.1,99
Croácia,2007,152.92,100
Croácia,2008,141.42,96
Croácia,2009,144.68,100
Croácia,2010,144.73,100
Croácia,2011,137.34,100
Croácia,2012,128.35,96
Croácia,2013,124.9,95
Croácia,2014,119.3,96
Croácia,2015,120.03,99
Croácia,2016,116.61,98
Croácia,2017,114.83,99
Croácia,2018,107.95,96
Croácia,2019,103.8,98
Croácia,2020,105.36,104
Croácia,2021,96.55,98
Croácia,2022,84.98,98
Croácia,2023,78.49,101
Hungria,1995,326.44,139
Hungria,1996,326.21,141
Hungria,1997,309.59,138
Hungria,1998,291.12,135
Hungria,1999,276.06,135
Hungria,2000,250.66,128
Hungria,2001,231.58,121
Hungria,2002,213.28,115
Hungria,2003,204.93,111
Hungria,2004,196.99,110
Hungria,2005,201.96,117
Hungria,2006,191.82,117
Hungria,2007,182.13,119
Hungria,2008,168.46,114
Hungria,2009,165.12,114
Hungria,2010,161.97,111
Hungria,2011,152.58,112
Hungria,2012,145.74,109
Hungria,2013,136.54,104
Hungria,2014,131.07,106
Hungria,2015,132.85,110
Hungria,2016,133.6,112
Hungria,2017,134.24,115
Hungria,2018,125.78,112
Hungria,2019,118.91,112
Hungria,2020,118.92,117
Hungria,2021,114.95,116
Hungria,2022,98.54,114
Hungria,2023,88.07,113
Irlanda,1995,191.08,82
Irlanda,1996,187.82,81
Irlanda,1997,182.6,82
Irlanda,1998,173.21,80
Irlanda,1999,164.39,80
Irlanda,2000,152.14,78
Irlanda,2001,146.9,77
Irlanda,2002,136.93,74
Irlanda,2003,125.2,68
Irlanda,2004,118.34,66
Irlanda,2005,112.99,66
Irlanda,2006,104.38,64
Irlanda,2007,99.89,65
Irlanda,2008,104.18,71
Irlanda,2009,107.69,74
Irlanda,2010,101.95,70
Irlanda,2011,90.05,66
Irlanda,2012,89.2,67
Irlanda,2013,82.55,63
Irlanda,2014,77.06,62
Irlanda,2015,59.21,49
Irlanda,2016,62.58,53
Irlanda,2017,56.22,48
Irlanda,2018,52.61,47
Irlanda,2019,50.79,48
Irlanda,2020,44.24,44
Irlanda,2021,38.54,39
Irlanda,2022,33.74,39
Irlanda,2023,34.19,44
Islândia,1995,441.49,189
Islândia,1996,451.73,195
Islândia,1997,414.77,185
Islândia,1998,415.89,192
Islândia,1999,445.66,218
Islândia,2000,491.68,252
Islândia,2001,436.89,229
Islândia,2002,441.23,239
Islândia,2003,436.69,237
Islândia,2004,398.11,223
Islândia,2005,379.22,221
Islândia,2006,441.6,269
Islândia,2007,488.46,320
Islândia,2008,532.41,361
Islândia,2009,585.05,403
Islândia,2010,585.2,403
Islândia,2011,616.63,451
Islândia,2012,589.54,440
Islândia,2013,587.04,448
Islândia,2014,564.28,456
Islândia,2015,501.76,415
Islândia,2016,455,383
Islândia,2017,459.51,394
Islândia,2018,485.5,434
Islândia,2019,451.45,425
Islândia,2020,460.94,454
Islândia,2021,423.65,429
Itália,1995,153.1,65
Itália,1996,146.61,63
Itália,1997,145.39,65
Itália,1998,143.67,66
Itália,1999,141.45,69
Itália,2000,137.23,70
Itália,2001,133.14,70
Itália,2002,131.96,71
Itália,2003,135.53,74
Itália,2004,134.63,75
Itália,2005,133.54,78
Itália,2006,126.29,77
Itália,2007,120.12,79
Itália,2008,115.25,78
Itália,2009,112.81,78
Itália,2010,113.55,78
Itália,2011,106.72,78
Itália,2012,103.52,77
Itália,2013,101.2,77
Itália,2014,95.76,77
Itália,2015,97.39,81
Itália,2016,92.58,78
Itália,2017,93.18,80
Itália,2018,90.26,81
Itália,2019,87.23,82
Itália,2020,85.37,84
Itália,2021,83.21,84
Itália,2022,72.35,84
Itália,2023,65.53,84
Lituânia,1995,495.44,212
Lituânia,1996,493.13,213
Lituânia,1997,428.26,191
Lituânia,1998,413.68,191
Lituânia,1999,352.83,172
Lituânia,2000,302.41,155
Lituânia,2001,312.85,164
Lituânia,2002,306.92,166
Lituânia,2003,279.72,152
Lituânia,2004,265.89,149
Lituânia,2005,231.06,134
Lituânia,2006,210.76,128
Lituânia,2007,199.41,130
Lituânia,2008,188.89,128
Lituânia,2009,206.71,142
Lituânia,2010,155.35,107
Lituânia,2011,146.17,107
Lituânia,2012,139.05,104
Lituânia,2013,125.14,95
Lituânia,2014,119.96,97
Lituânia,2015,120.27,99
Lituânia,2016,122.25,103
Lituânia,2017,119.99,103
Lituânia,2018,115.18,103
Lituânia,2019,107.85,101
Lituânia,2020,105.5,104
Lituânia,2021,98.91,100
Lituânia,2022,81.29,94
Lituânia,2023,76.62,98
Luxemburgo,1995,253.39,108
Luxemburgo,1996,242.92,105
Luxemburgo,1997,224.34,100
Luxemburgo,1998,209.02,97
Luxemburgo,1999,192.17,94
Luxemburgo,2000,183.05,94
Luxemburgo,2001,188.01,98
Luxemburgo,2002,187.71,102
Luxemburgo,2003,189.86,103
Luxemburgo,2004,194.38,109
Luxemburgo,2005,183.28,107
Luxemburgo,2006,159.44,97
Luxemburgo,2007,143.69,94
Luxemburgo,2008,134.49,91
Luxemburgo,2009,133.8,92
Luxemburgo,2010,133.97,92
Luxemburgo,2011,125.25,92
Luxemburgo,2012,117.75,88
Luxemburgo,2013,109.68,84
Luxemburgo,2014,100.59,81
Luxemburgo,2015,94.61,78
Luxemburgo,2016,91.44,77
Luxemburgo,2017,91.96,79
Luxemburgo,2018,93.81,84
Luxemburgo,2019,92.87,87
Luxemburgo,2020,80.7,79
Luxemburgo,2021,75.83,77
Luxemburgo,2022,64.32,74
Luxemburgo,2023,61.55,79
Letónia,1995,430.11,184
Letónia,1996,399.71,173
Letónia,1997,354.12,158
Letónia,1998,318.24,147
Letónia,1999,280.35,137
Letónia,2000,251.17,129
Letónia,2001,253.1,133
Letónia,2002,233.93,127
Letónia,2003,229.95,125
Letónia,2004,215.63,121
Letónia,2005,198.23,115
Letónia,2006,187.3,114
Letónia,2007,168.73,110
Letónia,2008,155.64,105
Letónia,2009,178.63,123
Letónia,2010,177.27,122
Letónia,2011,160.72,118
Letónia,2012,155.23,116
Letónia,2013,148.31,113
Letónia,2014,142.72,115
Letónia,2015,135.1,112
Letónia,2016,134.03,113
Letónia,2017,130.48,112
Letónia,2018,124.01,111
Letónia,2019,123.29,116
Letónia,2020,114.94,113
Letónia,2021,113.16,114
Letónia,2022,99.36,115
Letónia,2023,91.23,117
Montenegro,2006,225.31,137
Montenegro,2007,188.81,124
Montenegro,2008,186.41,126
Montenegro,2009,158.67,109
Montenegro,2010,176.63,121
Montenegro,2011,169.56,124
Montenegro,2012,168.41,126
Montenegro,2013,149.26,114
Montenegro,2014,142.19,115
Montenegro,2015,139.48,115
Montenegro,2016,125.81,106
Montenegro,2017,123.27,106
Montenegro,2018,118.36,106
Montenegro,2019,113.91,107
Montenegro,2020,122.66,121
Montenegro,2021,114.19,116
Montenegro,2022,97.83,113
Macedónia do Norte,2000,260.6,134
Macedónia do Norte,2001,255.25,134
Macedónia do Norte,2002,241.44,131
Macedónia do Norte,2003,253.83,138
Macedónia do Norte,2004,231.73,130
Macedónia do Norte,2005,223.27,130
Macedónia do Norte,2006,210.43,128
Macedónia do Norte,2007,205.5,134
Macedónia do Norte,2008,181.46,123
Macedónia do Norte,2009,165.27,114
Macedónia do Norte,2010,163.09,112
Macedónia do Norte,2011,174.14,127
Macedónia do Norte,2012,165.69,124
Macedónia do Norte,2013,146.79,112
Macedónia do Norte,2014,136.01,110
Macedónia do Norte,2015,128.75,106
Macedónia do Norte,2016,124.16,104
Macedónia do Norte,2017,123.48,106
Macedónia do Norte,2018,109.62,98
Macedónia do Norte,2019,116,109
Macedónia do Norte,2020,109.74,108
Macedónia do Norte,2021,103.28,104
Macedónia do Norte,2022,99.71,115
Malta,1995,189.48,81
Malta,1996,168.17,73
Malta,1997,202.11,90
Malta,1998,154.47,71
Malta,1999,158.45,77
Malta,2000,248.65,127
Malta,2001,269.2,141
Malta,2002,248.53,135
Malta,2003,268.86,146
Malta,2004,271.94,152
Malta,2005,216.88,126
Malta,2006,225.84,138
Malta,2007,224.27,147
Malta,2008,223.09,151
Malta,2009,243.17,168
Malta,2010,263.25,181
Malta,2011,248.83,182
Malta,2012,227.42,170
Malta,2013,203.66,155
Malta,2014,193.47,156
Malta,2015,187.28,155
Malta,2016,190.88,161
Malta,2017,201.58,173
Malta,2018,193.19,173
Malta,2019,187.87,177
Malta,2020,179,176
Malta,2021,143.93,146
Malta,2022,148.57,172
Malta,2023,139.49,179
Países Baixos,1995,285.43,122
Países Baixos,1996,281.62,122
Países Baixos,1997,263.63,118
Países Baixos,1998,249.42,115
Países Baixos,1999,232.2,113
Países Baixos,2000,216.77,111
Países Baixos,2001,214.13,112
Países Baixos,2002,208.39,113
Países Baixos,2003,213.05,116
Países Baixos,2004,207.89,116
Países Baixos,2005,196.73,114
Países Baixos,2006,186.2,113
Países Baixos,2007,174.63,114
Países Baixos,2008,165.34,112
Países Baixos,2009,169.71,117
Países Baixos,2010,175.54,121
Países Baixos,2011,163.33,119
Países Baixos,2012,160.2,119
Países Baixos,2013,153.3,117
Países Baixos,2014,146.26,118
Países Baixos,2015,142.51,118
Países Baixos,2016,143.21,120
Países Baixos,2017,138.19,119
Países Baixos,2018,129.79,116
Países Baixos,2019,124.64,117
Países Baixos,2020,120.14,118
Países Baixos,2021,111.81,113
Países Baixos,2022,92.84,107
Países Baixos,2023,84.17,108
Noruega,1995,265.67,113
Noruega,1996,232.85,101
Noruega,1997,233.58,104
Noruega,1998,247.22,114
Noruega,1999,235.69,115
Noruega,2000,191.25,98
Noruega,2001,198.59,104
Noruega,2002,182.85,99
Noruega,2003,191.87,104
Noruega,2004,184.07,103
Noruega,2005,167.21,97
Noruega,2006,151.48,92
Noruega,2007,138.12,90
Noruega,2008,138,93
Noruega,2009,153.33,106
Noruega,2010,153.47,106
Noruega,2011,125.62,92
Noruega,2012,126.47,94
Noruega,2013,130.73,100
Noruega,2014,121.45,98
Noruega,2015,118.05,98
Noruega,2016,136.61,115
Noruega,2017,132.67,114
Noruega,2018,123.2,110
Noruega,2019,120.38,113
Noruega,2020,125.7,124
Noruega,2021,98.72,100
Noruega,2022,64.21,74
Polónia,1995,400.73,171
Polónia,1996,382.64,166
Polónia,1997,354.18,158
Polónia,1998,312.88,145
Polónia,1999,286.99,140
Polónia,2000,262.78,135
Polónia,2001,254.75,133
Polónia,2002,240.11,130
Polónia,2003,236.42,128
Polónia,2004,219.23,123
Polónia,2005,213.32,124
Polónia,2006,212.21,129
Polónia,2007,192.31,126
Polónia,2008,181.36,123
Polónia,2009,170.07,117
Polónia,2010,168.45,116
Polónia,2011,157.44,115
Polónia,2012,146.87,109
Polónia,2013,147.07,112
Polónia,2014,136.95,111
Polónia,2015,130.35,108
Polónia,2016,134.73,113
Polónia,2017,134.07,115
Polónia,2018,132.38,118
Polónia,2019,120.06,113
Polónia,2020,116.18,114
Polónia,2021,112.87,114
Polónia,2022,97.46,113
Polónia,2023,86.97,112
Portugal,1995,175.35,75
Portugal,1996,165.38,72
Portugal,1997,165.76,74
Portugal,1998,168.66,78
Portugal,1999,170.33,83
Portugal,2000,161.42,83
Portugal,2001,155.41,81
Portugal,2002,155.83,84
Portugal,2003,147.96,80
Portugal,2004,148.99,83
Portugal,2005,143.34,83
Portugal,2006,129.59,79
Portugal,2007,124.61,82
Portugal,2008,119.56,81
Portugal,2009,121.51,84
Portugal,2010,113.73,78
Portugal,2011,115.4,84
Portugal,2012,111.73,83
Portugal,2013,109.18,83
Portugal,2014,108.78,88
Portugal,2015,109.91,91
Portugal,2016,107.19,90
Portugal,2017,108.99,94
Portugal,2018,102.1,91
Portugal,2019,98.15,92
Portugal,2020,93.36,92
Portugal,2021,87.44,88
Portugal,2022,80.51,93
Portugal,2023,70.13,90
Roménia,1995,453.62,194
Roménia,1996,435.43,188
Roménia,1997,428.76,191
Roménia,1998,397.16,184
Roménia,1999,346.31,169
Roménia,2000,337.15,173
Roménia,2001,309.75,162
Roménia,2002,300.39,163
Roménia,2003,298.19,162
Roménia,2004,249.72,140
Roménia,2005,230.78,134
Roménia,2006,205.98,125
Roménia,2007,176.38,115
Roménia,2008,148.42,101
Roménia,2009,136.09,94
Roménia,2010,131.68,91
Roménia,2011,126.69,93
Roménia,2012,119.31,89
Roménia,2013,112.45,86
Roménia,2014,107.58,87
Roménia,2015,103.62,86
Roménia,2016,97.29,82
Roménia,2017,92.6,79
Roménia,2018,86.03,77
Roménia,2019,78.45,74
Roménia,2020,76.25,75
Roménia,2021,74.77,76
Roménia,2022,62.88,73
Roménia,2023,53.96,69
Sérvia,2000,361.11,185
Sérvia,2001,367.44,192
Sérvia,2002,355.79,193
Sérvia,2003,353.61,192
Sérvia,2004,349.73,196
Sérvia,2005,286.85,167
Sérvia,2006,283.76,173
Sérvia,2007,253.52,166
Sérvia,2008,234.23,159
Sérvia,2009,219.84,152
Sérvia,2010,221.02,152
Sérvia,2011,220.33,161
Sérvia,2012,197.26,147
Sérvia,2013,197.67,151
Sérvia,2014,178.54,144
Sérvia,2015,194.8,161
Sérvia,2016,198.76,167
Sérvia,2017,196.79,169
Sérvia,2018,185.31,166
Sérvia,2019,173.57,163
Sérvia,2020,180.6,178
Sérvia,2021,167.02,169
Sérvia,2022,158.57,183
Suécia,1995,301.57,129
Suécia,1996,293.53,127
Suécia,1997,281.12,126
Suécia,1998,276.34,128
Suécia,1999,254.37,124
Suécia,2000,224.73,115
Suécia,2001,235.98,124
Suécia,2002,233.48,126
Suécia,2003,223.37,121
Suécia,2004,219.69,123
Suécia,2005,210.97,123
Suécia,2006,191.94,117
Suécia,2007,176.2,115
Suécia,2008,172.27,117
Suécia,2009,166.83,115
Suécia,2010,176.02,121
Suécia,2011,168.41,123
Suécia,2012,164.91,123
Suécia,2013,161.27,123
Suécia,2014,156.83,127
Suécia,2015,142.2,118
Suécia,2016,147.42,124
Suécia,2017,148.09,127
Suécia,2018,144.2,129
Suécia,2019,135.77,128
Suécia,2020,124.52,123
Suécia,2021,119.92,121
Suécia,2022,110.1,127
Suécia,2023,102.88,132
Eslovénia,1995,268.04,115
Eslovénia,1996,263.72,114
Eslovénia,1997,260.3,116
Eslovénia,1998,245.55,114
Eslovénia,1999,229.34,112
Eslovénia,2000,222.05,114
Eslovénia,2001,225.45,118
Eslovénia,2002,213.69,116
Eslovénia,2003,207.19,112
Eslovénia,2004,198,111
Eslovénia,2005,195.5,114
Eslovénia,2006,184.88,113
Eslovénia,2007,174.93,114
Eslovénia,2008,174.97,118
Eslovénia,2009,169.31,117
Eslovénia,2010,170.05,117
Eslovénia,2011,165.57,121
Eslovénia,2012,160.36,120
Eslovénia,2013,155.32,118
Eslovénia,2014,146.35,118
Eslovénia,2015,141.34,117
Eslovénia,2016,142.08,120
Eslovénia,2017,137.73,118
Eslovénia,2018,130.42,116
Eslovénia,2019,120.51,113
Eslovénia,2020,115.12,113
Eslovénia,2021,107.87,109
Eslovénia,2022,95.11,110
Eslovénia,2023,82.27,105
Eslováquia,1995,449.35,192
Eslováquia,1996,418,181
Eslováquia,1997,396.39,177
Eslováquia,1998,366.78,170
Eslováquia,1999,364.6,178
Eslováquia,2000,348.52,179
Eslováquia,2001,335.99,176
Eslováquia,2002,318.28,172
Eslováquia,2003,298.39,162
Eslováquia,2004,274.3,154
Eslováquia,2005,256.5,149
Eslováquia,2006,229.59,140
Eslováquia,2007,197.12,129
Eslováquia,2008,184.52,125
Eslováquia,2009,177.93,123
Eslováquia,2010,177.91,122
Eslováquia,2011,169.53,124
Eslováquia,2012,160.36,120
Eslováquia,2013,159.14,121
Eslováquia,2014,142.73,115
Eslováquia,2015,143.36,119
Eslováquia,2016,150.93,127
Eslováquia,2017,158.29,136
Eslováquia,2018,150.68,135
Eslováquia,2019,141.19,133
Eslováquia,2020,133.51,131
Eslováquia,2021,134.77,136
Eslováquia,2022,119.78,138
Eslováquia,2023,109.63,141
Turquia,1998,153.89,71
Turquia,1998,153.89,71
Turquia,1999,154.4,75
Turquia,1999,154.4,75
Turquia,2000,153.6,79
Turquia,2000,153.6,79
Turquia,2001,144.5,76
Turquia,2001,144.5,76
Turquia,2002,150.86,82
Turquia,2002,150.86,82
Turquia,2003,152.44,83
Turquia,2003,152.44,83
Turquia,2004,137.85,77
Turquia,2004,137.85,77
Turquia,2005,129.36,75
Turquia,2005,129.36,75
Turquia,2006,126.24,77
Turquia,2006,126.24,77
Turquia,2007,124.21,81
Turquia,2007,124.21,81
Turquia,2008,113.26,77
Turquia,2008,113.26,77
Turquia,2009,119.05,82
Turquia,2009,119.05,82
Turquia,2010,110.14,76
Turquia,2010,110.14,76
Turquia,2011,104.29,76
Turquia,2011,104.29,76
Turquia,2012,103.12,77
Turquia,2012,103.12,77
Turquia,2013,93.49,71
Turquia,2013,93.49,71
Turquia,2014,92.5,75
Turquia,2014,92.5,75
Turquia,2015,91.63,76
Turquia,2015,91.63,76
Turquia,2016,95.6,80
Turquia,2016,95.6,80
Turquia,2017,97.29,83
Turquia,2017,97.29,83
Turquia,2018,95.41,85
Turquia,2018,95.41,85
Turquia,2019,98.82,93
Turquia,2019,98.82,93
Turquia,2020,97.27,96
Turquia,2020,97.27,96
Turquia,2021,96.71,98
Turquia,2021,96.71,98
Turquia,2022,83.78,97
Turquia,2022,83.78,97
Reino Unido,1995,226.16,97
Reino Unido,1996,218.59,95
Reino Unido,1997,204.72,91
Reino Unido,1998,202.6,94
Reino Unido,1999,195.31,95
Reino Unido,2000,182.16,93
Reino Unido,2001,174.13,91
Reino Unido,2002,164.93,89
Reino Unido,2003,160,87
Reino Unido,2004,150.36,84
Reino Unido,2005,146.93,85
Reino Unido,2006,139.22,85
Reino Unido,2007,131.37,86
Reino Unido,2008,127.3,86
Reino Unido,2009,125.91,87
Reino Unido,2010,124.67,86
Reino Unido,2011,114.62,84
Reino Unido,2012,113.53,85
Reino Unido,2013,108.98,83
Reino Unido,2014,99.6,80
Reino Unido,2015,97.16,80
Reino Unido,2016,95.02,80
Reino Unido,2017,90.95,78
Reino Unido,2018,88.72,79
Reino Unido,2019,84.94,80
