LocID,ISO3_code,ISO2_code,SDMX_code,ParentID,Location,Total,Jovens_pct,Adultos_pct,Idosos_pct,X,Y,GeoRegName
4,AFG,AF,4,5501,Afghanistan,42044654,43.0525,54.5586,2.3889,0.2967,0.4725,Asia
8,ALB,AL,8,925,Albania,2801661,16.9521,66.4693,16.5786,0.4981,0.5756,Europe
12,DZA,DZ,12,912,Algeria,46497095,30.5101,63.0171,6.4728,0.3798,0.5457,Africa
16,ASM,AS,16,957,American Samoa,47141,27.3308,64.8671,7.8021,0.4024,0.5617,Northern America
24,AGO,AO,24,911,Angola,37312856,44.4716,52.6972,2.8312,0.2918,0.4564,Africa
20,AND,AD,20,925,Andorra,81418,12.0158,72.328,15.6562,0.5182,0.6264,Europe
32,ARG,AR,32,931,Argentina,45617778,21.8944,65.7993,12.3063,0.4521,0.5698,Latin America and the Caribbean
51,ARM,AM,51,922,Armenia,2984438,19.3493,67.312,13.3387,0.4699,0.5829,Asia
28,ATG,AG,28,915,Antigua and Barbuda,93549,18.0034,70.4871,11.5095,0.4675,0.6104,Latin America and the Caribbean
36,AUS,AU,36,927,Australia,26581446,17.9239,64.5257,17.5504,0.4981,0.5588,Oceania
31,AZE,AZ,31,922,Azerbaijan,10304789,22.0978,69.6383,8.2638,0.4308,0.6031,Asia
40,AUT,AT,40,926,Austria,9124755,14.2611,65.3662,20.3726,0.5306,0.5661,Europe
44,BHS,BS,44,915,Bahamas,400366,18.1209,70.2535,11.6256,0.4675,0.6084,Latin America and the Caribbean
48,BHR,BH,48,922,Bahrain,1587804,18.8774,77.3487,3.7739,0.4245,0.6698,Asia
50,BGD,BD,50,5501,Bangladesh,172507468,28.1675,65.4192,6.4133,0.3912,0.5665,Asia
52,BRB,BB,52,915,Barbados,282376,17.3457,66.3636,16.2907,0.4947,0.5747,Latin America and the Caribbean
112,BLR,BY,112,923,Belarus,9085898,16.4988,66.1402,17.361,0.5043,0.5728,Europe
56,BEL,BE,56,926,Belgium,11727682,16.1392,63.5032,20.3576,0.5211,0.5499,Europe
84,BLZ,BZ,84,916,Belize,414097,26.7693,68.3067,4.924,0.3908,0.5915,Latin America and the Caribbean
204,BEN,BJ,204,914,Benin,14287903,41.6964,55.202,3.1017,0.307,0.478,Africa
60,BMU,BM,60,918,Bermuda,64672,13.7432,64.9477,21.3091,0.5378,0.5624,Northern America
64,BTN,BT,64,5501,Bhutan,789106,21.1835,72.3869,6.4297,0.4262,0.6269,Asia
68,BOL,BO,68,931,Bolivia (Plurinational State of),12328824,29.9632,64.443,5.5938,0.3782,0.5581,Latin America and the Caribbean
70,BIH,BA,70,925,Bosnia and Herzegovina,3175680,13.139,64.9375,21.9235,0.5439,0.5624,Europe
72,BWA,BW,72,913,Botswana,2500552,32.2147,63.7743,4.011,0.359,0.5523,Africa
76,BRA,BR,76,931,Brazil,211574458,19.8039,69.361,10.8351,0.4552,0.6007,Latin America and the Caribbean
96,BRN,BN,96,920,Brunei Darussalam,460869,20.9263,72.3891,6.6845,0.4288,0.6269,Asia
90,SLB,SB,90,928,Solomon Islands,809539,37.1698,59.2021,3.6281,0.3323,0.5127,Oceania
100,BGR,BG,100,923,Bulgaria,6778222,14.5199,63.5438,21.9363,0.5371,0.5503,Europe
92,VGB,VG,92,915,British Virgin Islands,39327,14.7405,75.8665,9.393,0.4733,0.657,Latin America and the Caribbean
108,BDI,BI,108,910,Burundi,13874901,45.0406,52.437,2.5224,0.2874,0.4541,Africa
132,CPV,CV,132,914,Cabo Verde,523614,25.9703,67.317,6.7128,0.4037,0.583,Africa
104,MMR,MM,104,920,Myanmar,54320481,24.4127,68.3916,7.1957,0.4139,0.5923,Asia
116,KHM,KH,116,920,Cambodia,17533083,29.9434,63.9959,6.0607,0.3806,0.5542,Asia
120,CMR,CM,120,911,Cameroon,28747541,41.6051,55.6109,2.784,0.3059,0.4816,Africa
124,CAN,CA,124,918,Canada,39538484,15.1789,65.2477,19.5733,0.522,0.565,Northern America
140,CAF,CF,140,911,Central African Republic,5240249,49.0905,48.7843,2.1252,0.2652,0.4225,Africa
148,TCD,TD,148,911,Chad,19870444,46.219,51.6943,2.0867,0.2793,0.4477,Africa
152,CHL,CL,152,931,Chile,19714431,17.1743,68.9158,13.9099,0.4837,0.5968,Latin America and the Caribbean
156,CHN,CN,156,906,China,1420908919,16.3074,69.1549,14.5378,0.4912,0.5989,Asia
136,CYM,KY,136,915,Cayman Islands,73756,16.2509,74.9959,8.7532,0.4625,0.6495,Latin America and the Caribbean
344,HKG,HK,344,906,"China, Hong Kong SAR",7433078,10.5967,67.2563,22.147,0.5578,0.5824,Asia
446,MAC,MO,446,906,"China, Macao SAR",718867,13.9974,72.1373,13.8653,0.4993,0.6247,Asia
144,LKA,LK,144,5501,Sri Lanka,23038437,22.199,65.8839,11.9171,0.4486,0.5706,Asia
158,TWN,TW,158,906,"China, Taiwan Province of China",23264288,11.8258,69.4268,18.7474,0.5346,0.6012,Asia
170,COL,CO,170,931,Colombia,52609701,20.4217,70.0079,9.5704,0.4457,0.6063,Latin America and the Caribbean
174,COM,KM,174,910,Comoros,858507,37.2403,58.2768,4.4829,0.3362,0.5047,Africa
178,COG,CG,178,911,Congo,6257628,40.6782,56.3729,2.9489,0.3114,0.4882,Africa
188,CRI,CR,188,916,Costa Rica,5118075,19.0648,68.9693,11.966,0.4645,0.5973,Latin America and the Caribbean
191,HRV,HR,191,925,Croatia,3889335,14.0385,62.9873,22.9742,0.5447,0.5455,Europe
192,CUB,CU,192,915,Cuba,11000593,15.4211,68.2126,16.3663,0.5047,0.5907,Latin America and the Caribbean
175,MYT,YT,175,910,Mayotte,321252,43.347,53.9548,2.6982,0.2968,0.4672,Africa
196,CYP,CY,196,922,Cyprus,1351837,16.0557,69.4843,14.46,0.492,0.6017,Asia
203,CZE,CZ,203,923,Czechia,10791554,15.5463,63.7619,20.6919,0.5257,0.5522,Europe
180,COD,CD,180,911,Democratic Republic of the Congo,107516151,46.0683,50.86,3.0717,0.285,0.4404,Africa
384,CIV,CI,384,914,Côte d'Ivoire,31547788,41.0793,56.3335,2.5873,0.3075,0.4878,Africa
184,COK,CK,184,957,Cook Islands,13967,24.7154,61.9818,13.3028,0.4429,0.5368,Northern America
408,PRK,KP,408,906,Dem. People's Republic of Korea,26460314,18.9536,68.793,12.2534,0.4665,0.5957,Asia
208,DNK,DK,208,924,Denmark,5963903,15.7641,63.4858,20.7501,0.5249,0.5498,Europe
262,DJI,DJ,262,910,Djibouti,1160872,29.3612,65.8469,4.7919,0.3772,0.5702,Africa
214,DOM,DO,214,915,Dominican Republic,11379988,26.7661,65.5085,7.7254,0.4048,0.5673,Latin America and the Caribbean
218,ECU,EC,218,931,Ecuador,18058157,24.7402,67.0408,8.219,0.4174,0.5806,Latin America and the Caribbean
818,EGY,EG,818,912,Egypt,115578409,32.2105,62.7503,5.0392,0.3641,0.5434,Africa
222,SLV,SV,222,916,El Salvador,6323985,25.0169,66.9123,8.0708,0.4153,0.5795,Latin America and the Caribbean
212,DMA,DM,212,915,Dominica,66353,18.0097,69.1529,12.8374,0.4741,0.5989,Latin America and the Caribbean
226,GNQ,GQ,226,911,Equatorial Guinea,1869618,37.3768,58.9703,3.6529,0.3314,0.5107,Africa
232,ERI,ER,232,910,Eritrea,3501780,38.4212,57.4044,4.1744,0.3288,0.4971,Africa
233,EST,EE,233,924,Estonia,1367226,15.8117,63.1195,21.0688,0.5263,0.5466,Europe
748,SWZ,SZ,748,913,Eswatini,1236306,33.5279,62.2608,4.2113,0.3534,0.5392,Africa
231,ETH,ET,231,910,Ethiopia,130355024,39.2049,57.5974,3.1977,0.32,0.4988,Africa
242,FJI,FJ,242,928,Fiji,926544,27.2266,66.3595,6.4139,0.3959,0.5747,Oceania
246,FIN,FI,246,924,Finland,5612044,14.7803,61.4679,23.7518,0.5449,0.5323,Europe
250,FRA,FR,250,926,France,66496159,16.6422,61.4086,21.9493,0.5265,0.5318,Europe
234,FRO,FO,234,924,Faroe Islands,55077,20.0102,62.2746,17.7152,0.4885,0.5393,Europe
254,GUF,GF,254,931,French Guiana,305961,31.1504,61.9138,6.9359,0.3789,0.5362,Latin America and the Caribbean
238,FLK,FK,238,931,Falkland Islands (Malvinas),3470,16.3401,71.7003,11.9597,0.4781,0.6209,Latin America and the Caribbean
258,PYF,PF,258,957,French Polynesia,281466,19.435,69.5569,11.0081,0.4579,0.6024,Oceania
266,GAB,GA,266,911,Gabon,2511862,36.5906,59.349,4.0604,0.3373,0.514,Africa
270,GMB,GM,270,914,Gambia,2728905,40.5027,56.4713,3.026,0.3126,0.489,Africa
268,GEO,GE,268,922,Georgia,3807839,20.9478,63.583,15.4691,0.4726,0.5506,Asia
276,DEU,DE,276,926,Germany,84695563,13.9082,63.117,22.9748,0.5453,0.5466,Europe
288,GHA,GH,288,914,Ghana,34108457,36.0058,60.3251,3.6691,0.3383,0.5224,Africa
300,GRC,GR,300,925,Greece,10136521,13.4347,62.9186,23.6468,0.5511,0.5449,Europe
308,GRD,GD,308,915,Grenada,117155,19.6535,68.2941,12.0524,0.462,0.5914,Latin America and the Caribbean
316,GUM,GU,316,954,Guam,167155,26.0232,61.6201,12.3568,0.4317,0.5336,Oceania
320,GTM,GT,320,916,Guatemala,18265192,31.8564,63.3521,4.7914,0.3647,0.5486,Latin America and the Caribbean
275,PSE,PS,275,922,State of Palestine,5450426,38.2415,57.904,3.8545,0.3281,0.5014,Asia
324,GIN,GN,324,914,Guinea,14581541,41.0771,55.4758,3.447,0.3118,0.4804,Africa
624,GNB,GW,624,914,Guinea-Bissau,2177388,39.0144,57.8176,3.168,0.3208,0.5007,Africa
328,GUY,GY,328,931,Guyana,828632,29.27,64.1178,6.6121,0.3867,0.5553,Latin America and the Caribbean
292,GIB,GI,292,925,Gibraltar,38919,17.67,64.8192,17.5107,0.4992,0.5613,Europe
332,HTI,HT,332,915,Haiti,11705195,31.3889,63.9494,4.6617,0.3664,0.5538,Latin America and the Caribbean
296,KIR,KI,296,954,Kiribati,133527,34.8364,60.9899,4.1737,0.3467,0.5282,Oceania
340,HND,HN,340,916,Honduras,10735392,30.8075,64.8375,4.355,0.3677,0.5615,Latin America and the Caribbean
348,HUN,HU,348,923,Hungary,9689722,14.4351,64.6409,20.924,0.5324,0.5598,Europe
304,GRL,GL,304,918,Greenland,55883,20.8239,68.7186,10.4576,0.4482,0.5951,Europe
352,ISL,IS,352,924,Iceland,390740,17.8904,66.629,15.4806,0.488,0.577,Europe
356,IND,IN,356,5501,India,1444436244,24.8444,68.1238,7.0318,0.4109,0.59,Asia
312,GLP,GP,312,915,Guadeloupe,375756,16.4072,60.0629,23.5299,0.5356,0.5201,Northern America
360,IDN,ID,360,920,Indonesia,282353644,24.7688,68.0667,7.1645,0.412,0.5895,Asia
364,IRN,IR,364,5501,Iran (Islamic Republic of),91114777,22.6422,69.2863,8.0716,0.4271,0.6,Asia
368,IRQ,IQ,368,922,Iraq,45557903,36.8427,59.7597,3.3976,0.3328,0.5175,Asia
372,IRL,IE,372,924,Ireland,5227425,18.7866,65.4741,15.7394,0.4848,0.567,Europe
376,ISR,IL,376,922,Israel,9321817,27.5234,59.9912,12.4854,0.4248,0.5195,Asia
380,ITA,IT,380,925,Italy,59435141,12.0114,63.5842,24.4044,0.562,0.5506,Europe
336,VAT,VA,336,925,Holy See,491,6.11,49.2872,44.6029,0.6925,0.4268,Europe
388,JAM,JM,388,915,Jamaica,2839822,18.919,73.0459,8.0351,0.4456,0.6326,Latin America and the Caribbean
392,JPN,JP,392,906,Japan,124071179,11.5351,58.7922,29.6727,0.5907,0.5091,Asia
400,JOR,JO,400,922,Jordan,11530943,30.9143,64.6688,4.4169,0.3675,0.56,Asia
398,KAZ,KZ,398,5500,Kazakhstan,20464208,29.476,62.0484,8.4756,0.395,0.5373,Asia
404,KEN,KE,404,910,Kenya,55884494,37.1369,59.9228,2.9403,0.329,0.5189,Africa
414,KWT,KW,414,922,Kuwait,4884143,18.3509,78.5749,3.0742,0.4236,0.6805,Asia
417,KGZ,KG,417,5500,Kyrgyzstan,7130594,32.5317,61.9204,5.5479,0.3651,0.5362,Asia
418,LAO,LA,418,920,Lao People's Democratic Republic,7717674,30.3799,65.023,4.5971,0.3711,0.5631,Asia
428,LVA,LV,428,924,Latvia,1879693,15.5383,62.9365,21.5252,0.5299,0.545,Europe
422,LBN,LB,422,922,Lebanon,5785791,26.4785,63.5367,9.9848,0.4175,0.5502,Asia
426,LSO,LS,426,913,Lesotho,2324448,34.7279,61.4285,3.8435,0.3456,0.532,Africa
430,LBR,LR,430,914,Liberia,5553392,39.7628,56.9466,3.2906,0.3176,0.4932,Africa
434,LBY,LY,434,912,Libya,7342540,27.677,67.3731,4.9498,0.3864,0.5835,Africa
438,LIE,LI,438,926,Liechtenstein,39736,14.3271,65.2658,20.4072,0.5304,0.5652,Europe
440,LTU,LT,440,924,Lithuania,2866813,14.7915,65.2725,19.936,0.5257,0.5653,Europe
442,LUX,LU,442,926,Luxembourg,669204,15.784,68.9014,15.3146,0.4977,0.5967,Europe
450,MDG,MG,450,910,Madagascar,31578390,39.4209,57.2089,3.3702,0.3197,0.4954,Africa
454,MWI,MW,454,910,Malawi,21376132,41.0096,56.4034,2.587,0.3079,0.4885,Africa
458,MYS,MY,458,920,Malaysia,35344242,22.0255,70.3834,7.5911,0.4278,0.6095,Asia
410,KOR,KR,410,906,Republic of Korea,51738086,10.7444,70.4782,18.7774,0.5402,0.6103,Asia
462,MDV,MV,462,5501,Maldives,526844,19.8516,75.6619,4.4865,0.4232,0.6552,Asia
412,XKX,XK,412,925,Kosovo (under UNSC res. 1244),1690921,21.0573,69.0826,9.8601,0.444,0.5983,Europe
466,MLI,ML,466,914,Mali,24122346,46.314,51.2907,2.3953,0.2804,0.4442,Africa
470,MLT,MT,470,925,Malta,536394,13.1055,66.8391,20.0554,0.5347,0.5788,Europe
474,MTQ,MQ,474,915,Martinique,344576,15.0179,60.1397,24.8424,0.5491,0.5208,Latin America and the Caribbean
478,MRT,MR,478,914,Mauritania,5096521,42.8744,53.9053,3.2203,0.3017,0.4668,Africa
480,MUS,MU,480,910,Mauritius,1272517,14.9595,71.8049,13.2356,0.4914,0.6218,Africa
484,MEX,MX,484,916,Mexico,130308399,24.7181,67.1677,8.1143,0.417,0.5817,Latin America and the Caribbean
583,FSM,FM,583,954,Micronesia (Fed. States of),112893,32.0259,62.1367,5.8374,0.3691,0.5381,Oceania
492,MCO,MC,492,926,Monaco,38777,13.3223,50.4242,36.2534,0.6147,0.4367,Europe
496,MNG,MN,496,906,Mongolia,3454270,32.4674,62.538,4.9947,0.3626,0.5416,Asia
499,MNE,ME,499,925,Montenegro,639435,18.2399,64.1177,17.6424,0.497,0.5553,Europe
504,MAR,MA,504,912,Morocco,37901284,25.8451,66.172,7.9828,0.4107,0.573,Africa
508,MOZ,MZ,508,910,Mozambique,34129694,44.6367,52.6009,2.7624,0.2906,0.4555,Africa
516,NAM,NA,516,913,Namibia,2998153,37.1135,59.274,3.6125,0.3325,0.5133,Africa
520,NRU,NR,520,954,Nauru,11905,38.068,59.1516,2.7803,0.3236,0.5123,Oceania
524,NPL,NP,524,5501,Nepal,29673950,28.614,64.942,6.444,0.3891,0.5624,Asia
528,NLD,NL,528,926,Netherlands,18165554,15.0746,64.6126,20.3128,0.5262,0.5595,Europe
540,NCL,NC,540,928,New Caledonia,291269,21.4139,67.3305,11.2556,0.4492,0.5831,Oceania
554,NZL,NZ,554,927,New Zealand,5194315,18.2377,64.7699,16.9923,0.4938,0.5609,Oceania
558,NIC,NI,558,916,Nicaragua,6870070,28.9835,65.5633,5.4532,0.3823,0.5678,Latin America and the Caribbean
562,NER,NE,562,914,Niger,26592439,46.7881,50.6294,2.5826,0.279,0.4385,Africa
566,NGA,NG,566,914,Nigeria,230271141,41.2611,55.7004,3.0385,0.3089,0.4824,Africa
807,MKD,MK,807,925,North Macedonia,1827512,16.9703,65.2675,17.7622,0.504,0.5652,Europe
578,NOR,NO,578,924,Norway,5549779,16.3258,65.0304,18.6438,0.5116,0.5632,Europe
498,MDA,MD,498,923,Republic of Moldova,3053416,19.9043,64.2109,15.8848,0.4799,0.5561,Europe
512,OMN,OM,512,922,Oman,5165144,24.9575,72.3983,2.6442,0.3884,0.627,Asia
586,PAK,PK,586,5501,Pakistan,249335590,36.8982,58.8617,4.2401,0.3367,0.5097,Asia
500,MSR,MS,500,915,Montserrat,4405,16.6629,64.0863,19.2509,0.5129,0.555,Latin America and the Caribbean
591,PAN,PA,591,916,Panama,4487488,25.0796,65.7161,9.2042,0.4206,0.5691,Latin America and the Caribbean
598,PNG,PG,598,928,Papua New Guinea,10483061,33.6428,62.953,3.4043,0.3488,0.5452,Oceania
600,PRY,PY,600,931,Paraguay,6886766,28.6963,64.8545,6.4492,0.3888,0.5616,Latin America and the Caribbean
604,PER,PE,604,931,Peru,34034890,24.1566,66.7339,9.1095,0.4248,0.5779,Latin America and the Caribbean
608,PHL,PH,608,920,Philippines,115371047,28.238,66.3869,5.3751,0.3857,0.5749,Asia
616,POL,PL,616,923,Poland,38711738,14.9699,65.1914,19.8387,0.5243,0.5646,Europe
620,PRT,PT,620,925,Portugal,10430651,12.8346,62.8273,24.3381,0.5575,0.5441,Europe
630,PRI,PR,630,915,Puerto Rico,3244033,11.8322,63.7193,24.4485,0.5631,0.5518,Latin America and the Caribbean
531,CUW,CW,531,915,Curaçao,185460,15.0739,68.3997,16.5265,0.5073,0.5923,Latin America and the Caribbean
634,QAT,QA,634,922,Qatar,3012452,15.1244,83.2087,1.6669,0.4327,0.7206,Asia
533,ABW,AW,533,915,Aruba,108009,17.0078,66.2861,16.706,0.4985,0.574,Latin America and the Caribbean
534,SXM,SX,534,915,Sint Maarten (Dutch part),43056,15.3126,71.0075,13.6799,0.4918,0.6149,Latin America and the Caribbean
535,BES,BQ,535,915,"Bonaire, Sint Eustatius and Saba",30324,15.8356,69.9743,14.1901,0.4918,0.606,Latin America and the Caribbean
642,ROU,RO,642,923,Romania,19067838,15.8027,64.3082,19.8891,0.5204,0.5569,Europe
643,RUS,RU,643,923,Russian Federation,145205581,17.4018,65.7041,16.894,0.4975,0.569,Europe
548,VUT,VU,548,928,Vanuatu,324085,38.4806,57.2652,4.2541,0.3289,0.4959,Oceania
646,RWA,RW,646,910,Rwanda,14106347,37.5347,58.5914,3.8738,0.3317,0.5074,Africa
652,BLM,BL,652,915,Saint Barthélemy,11177,19.567,62.9865,17.4465,0.4894,0.5455,Latin America and the Caribbean
674,SMR,SM,674,925,San Marino,33607,12.4498,65.5429,22.0073,0.5478,0.5676,Europe
678,STP,ST,678,911,Sao Tome and Principe,233185,38.0423,58.0758,3.8819,0.3292,0.5029,Africa
570,NIU,NU,570,957,Niue,1815,23.1956,60.7713,16.0331,0.4642,0.5263,Northern America
682,SAU,SA,682,922,Saudi Arabia,33661241,23.9213,73.1791,2.8996,0.3949,0.6337,Asia
686,SEN,SN,686,914,Senegal,18288074,38.4087,57.9875,3.6038,0.326,0.5022,Africa
580,MNP,MP,580,954,Northern Mariana Islands,44668,22.3829,68.3778,9.2393,0.4343,0.5922,Oceania
688,SRB,RS,688,925,Serbia,6758334,14.3355,63.163,22.5015,0.5408,0.547,Europe
690,SYC,SC,690,910,Seychelles,129207,20.0454,71.5139,8.4407,0.442,0.6193,Africa
584,MHL,MH,584,954,Marshall Islands,38182,34.7415,60.7354,4.5231,0.3489,0.526,Northern America
694,SLE,SL,694,914,Sierra Leone,8552905,38.3085,58.4681,3.2234,0.3246,0.5063,Africa
585,PLW,PW,585,954,Palau,17707,18.4052,70.4975,11.0973,0.4635,0.6105,Northern America
702,SGP,SG,702,920,Singapore,5812461,11.7056,74.918,13.3763,0.5084,0.6488,Asia
703,SVK,SK,703,923,Slovakia,5519573,15.856,65.8461,18.2978,0.5122,0.5702,Europe
705,SVN,SI,705,925,Slovenia,2119224,14.8205,63.621,21.5585,0.5337,0.551,Europe
706,SOM,SO,706,910,Somalia,18685826,46.6322,50.7901,2.5777,0.2797,0.4398,Africa
710,ZAF,ZA,710,913,South Africa,63627884,25.968,67.4412,6.5908,0.4031,0.584,Africa
728,SSD,SS,728,910,South Sudan,11819853,39.4041,57.6461,2.9498,0.3177,0.4992,Africa
724,ESP,ES,724,925,Spain,47915815,13.0752,66.0189,20.9059,0.5392,0.5717,Europe
626,TLS,TL,626,920,Timor-Leste,1391725,33.945,60.7502,5.3048,0.3568,0.5261,Asia
729,SDN,SD,729,912,Sudan,50048573,40.5127,56.2285,3.2588,0.3137,0.4869,Africa
740,SUR,SR,740,931,Suriname,631744,25.7935,66.448,7.7585,0.4098,0.5754,Latin America and the Caribbean
752,SWE,SE,752,924,Sweden,10581078,17.1166,62.2207,20.6627,0.5177,0.5388,Europe
638,REU,RE,638,910,Réunion,876675,21.0219,63.7759,15.2022,0.4709,0.5523,Africa
756,CHE,CH,756,926,Switzerland,8898069,14.9774,65.2011,19.8215,0.5242,0.5646,Europe
760,SYR,SY,760,922,Syrian Arab Republic,24174628,29.5854,65.719,4.6957,0.3756,0.5691,Asia
762,TJK,TJ,762,5500,Tajikistan,10491706,36.4205,59.8343,3.7452,0.3366,0.5182,Asia
764,THA,TH,764,920,Thailand,71689208,14.9184,70.0428,15.0388,0.5006,0.6066,Asia
654,SHN,SH,654,914,Saint Helena,5259,13.7288,59.8022,26.4689,0.5637,0.5179,Northern America
768,TGO,TG,768,914,Togo,9412392,39.7101,57.1017,3.1882,0.3174,0.4945,Africa
659,KNA,KN,659,915,Saint Kitts and Nevis,46803,18.2125,70.8245,10.963,0.4638,0.6133,Latin America and the Caribbean
776,TON,TO,776,957,Tonga,104379,35.6049,57.7358,6.6594,0.3553,0.5,Oceania
660,AIA,AI,660,915,Anguilla,14523,16.6977,71.0115,12.2908,0.478,0.615,Latin America and the Caribbean
780,TTO,TT,780,915,Trinidad and Tobago,1505755,17.891,69.9977,12.1113,0.4711,0.6062,Latin America and the Caribbean
662,LCA,LC,662,915,Saint Lucia,179523,17.7114,72.8375,9.4512,0.4587,0.6308,Latin America and the Caribbean
788,TUN,TN,788,912,Tunisia,12240260,24.2629,66.4077,9.3294,0.4253,0.5751,Africa
663,MAF,MF,663,915,Saint Martin (French part),26772,21.4328,60.7351,17.8321,0.482,0.526,Northern America
792,TUR,TR,792,922,Türkiye,87371675,21.6566,68.1936,10.1498,0.4425,0.5906,Asia
666,SPM,PM,666,918,Saint Pierre and Miquelon,5654,14.0078,66.0594,19.9328,0.5296,0.5721,Northern America
795,TKM,TM,795,5500,Turkmenistan,7430703,31.6191,63.9876,4.3934,0.3639,0.5541,Asia
670,VCT,VC,670,915,Saint Vincent and the Grenadines,100966,21.4983,66.775,11.7267,0.4511,0.5783,Latin America and the Caribbean
798,TUV,TV,798,957,Tuvalu,9727,32.8878,60.5942,6.5179,0.3682,0.5247,Oceania
800,UGA,UG,800,910,Uganda,49332093,43.7576,54.0735,2.1688,0.2921,0.4683,Africa
804,UKR,UA,804,923,Ukraine,37441260,14.0301,67.1093,18.8605,0.5242,0.5812,Europe
784,ARE,AE,784,922,United Arab Emirates,10839131,16.2048,82.0364,1.7588,0.4278,0.7104,Asia
826,GBR,GB,826,924,United Kingdom,68923043,17.2897,63.3078,19.4025,0.5106,0.5482,Europe
834,TZA,TZ,834,910,United Republic of Tanzania,67578209,42.6328,54.3213,3.0459,0.3021,0.4704,Africa
840,USA,US,840,918,United States of America,344479572,17.4476,64.8551,17.6972,0.5012,0.5616,Northern America
704,VNM,VN,704,920,Viet Nam,100675292,23.4346,67.7447,8.8207,0.4269,0.5867,Asia
732,ESH,EH,732,912,Western Sahara,585183,23.2344,70.3201,6.4455,0.4161,0.609,Africa
716,ZWE,ZW,716,910,Zimbabwe,16478384,41.1566,55.2246,3.6187,0.3123,0.4782,Africa
772,TKL,TK,772,957,Tokelau,2453,26.3351,65.7562,7.9087,0.4079,0.5694,Northern America
831,GGY,GG,831,924,Guernsey,64169,14.0722,64.4205,21.5073,0.5372,0.5579,Europe
833,IMN,IM,833,924,Isle of Man,84173,14.3823,62.6887,22.929,0.5427,0.5429,Europe
832,JEY,JE,832,924,Jersey,103766,14.419,66.7656,18.8154,0.522,0.5782,Europe
796,TCA,TC,796,915,Turks and Caicos Islands,46370,16.129,72.8143,11.0567,0.4746,0.6306,Latin America and the Caribbean
850,VIR,VI,850,915,United States Virgin Islands,85303,16.5211,61.0072,22.4717,0.5298,0.5283,Latin America and the Caribbean
854,BFA,BF,854,914,Burkina Faso,23285916,42.1151,55.2488,2.6361,0.3026,0.4785,Africa
858,URY,UY,858,931,Uruguay,3387479,18.4902,65.5796,15.9302,0.4872,0.5679,Latin America and the Caribbean
860,UZB,UZ,860,5500,Uzbekistan,36010454,31.005,63.2279,5.7671,0.3738,0.5476,Asia
862,VEN,VE,862,931,Venezuela (Bolivarian Republic of),28350925,25.8395,64.6516,9.5089,0.4183,0.5599,Latin America and the Caribbean
876,WLF,WF,876,957,Wallis and Futuna Islands,11320,20.8922,64.7438,14.364,0.4674,0.5607,Northern America
882,WSM,WS,882,957,Samoa,217342,38.6331,55.5852,5.7817,0.3357,0.4814,Oceania
887,YEM,YE,887,922,Yemen,39987261,41.1857,56.3009,2.5133,0.3066,0.4876,Asia
894,ZMB,ZM,894,910,Zambia,21017548,41.7064,56.3727,1.9209,0.3011,0.4882,Africa
